[{"model": "index.label", "pk": 1, "fields": {"name": "\u60c5\u611f\u5929\u5730"}}, {"model": "index.label", "pk": 2, "fields": {"name": "\u6447\u6eda\u91d1\u5c5e"}}, {"model": "index.label", "pk": 3, "fields": {"name": "\u7ecf\u5178\u6d41\u884c"}}, {"model": "index.label", "pk": 4, "fields": {"name": "\u73af\u5883\u5fc3\u60c5"}}, {"model": "index.label", "pk": 5, "fields": {"name": "\u5348\u540e\u573a\u666f"}}, {"model": "index.label", "pk": 6, "fields": {"name": "\u5c81\u6708\u6d41\u91d1"}}, {"model": "index.label", "pk": 7, "fields": {"name": "\u9752\u6625\u6821\u56ed"}}, {"model": "index.song", "pk": 1, "fields": {"name": "\u7231 \u90fd\u662f\u5bf9\u7684", "singer": "\u80e1\u590f", "time": "04:20", "album": "\u80e1 \u7231\u590f", "languages": "\u56fd\u8bed", "type": "\u6d41\u884c", "release": "2010-12-08", "img": "songImg/1.jpg", "lyrics": "\u6682\u65e0\u6b4c\u8bcd", "file": "songFile/1.m4a", "label": 3}}, {"model": "index.song", "pk": 2, "fields": {"name": "\u4f53\u9762", "singer": "\u4e8e\u6587\u6587", "time": "04:42", "album": "\u300a\u524d\u4efb3\uff1a\u518d\u89c1\u524d\u4efb\u300b\u7535\u5f71\u63d2\u66f2", "languages": "\u56fd\u8bed", "type": "\u4f24\u611f", "release": "2017-12-25", "img": "songImg/2.jpg", "lyrics": "\u6682\u65e0\u6b4c\u8bcd", "file": "songFile/2.m4a", "label": 4}}, {"model": "index.song", "pk": 3, "fields": {"name": "\u4e09\u56fd\u604b", "singer": "Tank", "time": "04:06", "album": "Fighting\uff01\u751f\u5b58\u4e4b\u9053", "languages": "\u56fd\u8bed", "type": "\u6447\u6eda", "release": "2006-04-15", "img": "songImg/3.jpg", "lyrics": "\u6682\u65e0\u6b4c\u8bcd", "file": "songFile/3.m4a", "label": 2}}, {"model": "index.song", "pk": 4, "fields": {"name": "\u4f1a\u957f\u5927\u7684\u5e78\u798f", "singer": "Tank", "time": "04:32", "album": "\u7b2c\u4e09\u56de\u5408", "languages": "\u56fd\u8bed", "type": "\u52b1\u5fd7", "release": "2009-05-29", "img": "songImg/4.jpg", "lyrics": "\u6682\u65e0\u6b4c\u8bcd", "file": "songFile/4.m4a", "label": 4}}, {"model": "index.song", "pk": 5, "fields": {"name": "\u6ee1\u6ee1", "singer": "\u6881\u6587\u97f3/\u738b\u94ee\u4eae", "time": "04:44", "album": "\u7231\uff0c\u4e00\u76f4\u5b58\u5728", "languages": "\u56fd\u8bed", "type": "\u751c\u871c", "release": "2009-11-20", "img": "songImg/5.jpg", "lyrics": "\u6682\u65e0\u6b4c\u8bcd", "file": "songFile/5.m4a", "label": 1}}, {"model": "index.song", "pk": 6, "fields": {"name": "\u522b\u518d\u8bb0\u8d77", "singer": "\u5434\u82e5\u5e0c", "time": "04:04", "album": "\u522b\u518d\u8bb0\u8d77", "languages": "\u7ca4\u8bed", "type": "\u573a\u666f", "release": "2017-12-07", "img": "songImg/6.jpg", "lyrics": "\u6682\u65e0\u6b4c\u8bcd", "file": "songFile/6.m4a", "label": 4}}, {"model": "index.song", "pk": 7, "fields": {"name": "\u7231\u7684\u9b54\u6cd5", "singer": "\u91d1\u838e", "time": "03:11", "album": "\u4ed6\u4e0d\u7231\u6211", "languages": "\u56fd\u8bed", "type": "\u751c\u871c", "release": "2012-03-19", "img": "songImg/7.jpg", "lyrics": "\u6682\u65e0\u6b4c\u8bcd", "file": "songFile/7.m4a", "label": 1}}, {"model": "index.song", "pk": 8, "fields": {"name": "\u6f14\u5458", "singer": "\u859b\u4e4b\u8c26", "time": "04:11", "album": "\u6f14\u5458", "languages": "\u56fd\u8bed", "type": "\u6d41\u884c", "release": "2015-06-05", "img": "songImg/8.jpg", "lyrics": "\u6682\u65e0\u6b4c\u8bcd", "file": "songFile/8.m4a", "label": 3}}, {"model": "index.song", "pk": 9, "fields": {"name": "\u653e\u7231\u60c5\u4e00\u4e2a\u5047", "singer": "\u8bb8\u6167\u6b23", "time": "03:24", "album": "\u8c1c", "languages": "\u56fd\u8bed", "type": "\u5b89\u9759", "release": "2006-10-01", "img": "songImg/9.jpg", "lyrics": "\u6682\u65e0\u6b4c\u8bcd", "file": "songFile/9.m4a", "label": 4}}, {"model": "index.song", "pk": 10, "fields": {"name": "Volar", "singer": "\u4fa7\u7530", "time": "03:52", "album": "No Protection", "languages": "\u7ca4\u8bed", "type": "\u6447\u6eda", "release": "2006-07-05", "img": "songImg/10.jpg", "lyrics": "\u6682\u65e0\u6b4c\u8bcd", "file": "songFile/10.m4a", "label": 2}}, {"model": "index.song", "pk": 11, "fields": {"name": "\u597d\u5fc3\u5206\u624b", "singer": "\u738b\u529b\u5b8f/\u5362\u5de7\u97f3", "time": "03:00", "album": "2 Love \u81f4\u60c5\u631a\u7231", "languages": "\u56fd\u8bed", "type": "\u4f24\u611f", "release": "2015-07-24", "img": "songImg/11.jpg", "lyrics": "songLyric/11.txt", "file": "songFile/11.m4a", "label": 1}}, {"model": "index.song", "pk": 12, "fields": {"name": "\u5c31\u662f\u8fd9\u6837", "singer": "\u6797\u91c7\u6b23", "time": "05:13", "album": "\u5355\u66f2", "languages": "\u56fd\u8bed", "type": "\u6d41\u884c", "release": "2016-10-10", "img": "songImg/12.jpg", "lyrics": "\u6682\u65e0\u6b4c\u8bcd", "file": "songFile/12.m4a", "label": 3}}, {"model": "index.song", "pk": 13, "fields": {"name": "\u7231\u8fc7\u4e86 \u53c8\u600e\u6837", "singer": "\u5f20\u60e0\u6625", "time": "04:09", "album": "\u5355\u66f2", "languages": "\u56fd\u8bed", "type": "\u6d41\u884c", "release": "2016-09-07", "img": "songImg/13.jpg", "lyrics": "\u6682\u65e0\u6b4c\u8bcd", "file": "songFile/13.m4a", "label": 3}}, {"model": "index.dynamic", "pk": 1, "fields": {"song": 1, "plays": 1, "search": 0, "download": 0}}, {"model": "index.dynamic", "pk": 2, "fields": {"song": 2, "plays": 2, "search": 0, "download": 0}}, {"model": "index.dynamic", "pk": 3, "fields": {"song": 3, "plays": 1, "search": 0, "download": 0}}, {"model": "index.dynamic", "pk": 4, "fields": {"song": 4, "plays": 1, "search": 0, "download": 0}}, {"model": "index.dynamic", "pk": 5, "fields": {"song": 5, "plays": 1, "search": 0, "download": 0}}, {"model": "index.dynamic", "pk": 6, "fields": {"song": 6, "plays": 1, "search": 0, "download": 0}}, {"model": "index.dynamic", "pk": 7, "fields": {"song": 7, "plays": 1, "search": 0, "download": 0}}, {"model": "index.dynamic", "pk": 8, "fields": {"song": 8, "plays": 1, "search": 0, "download": 0}}, {"model": "index.dynamic", "pk": 9, "fields": {"song": 9, "plays": 1, "search": 0, "download": 0}}, {"model": "index.dynamic", "pk": 10, "fields": {"song": 10, "plays": 1, "search": 0, "download": 0}}, {"model": "index.dynamic", "pk": 11, "fields": {"song": 11, "plays": 1, "search": 0, "download": 0}}, {"model": "index.dynamic", "pk": 12, "fields": {"song": 12, "plays": 2, "search": 0, "download": 0}}, {"model": "index.dynamic", "pk": 13, "fields": {"song": 13, "plays": 1, "search": 0, "download": 0}}, {"model": "index.comment", "pk": 1, "fields": {"text": "\u597d", "user": "admin", "date": "2019-05-28", "song": 2}}, {"model": "index.comment", "pk": 2, "fields": {"text": "\u5f88\u597d\u542c1", "user": "admin", "date": "2019-05-28", "song": 2}}, {"model": "index.comment", "pk": 3, "fields": {"text": "2\u5f88\u597d\u542c", "user": "admin", "date": "2019-05-28", "song": 2}}, {"model": "index.comment", "pk": 4, "fields": {"text": "\u5f88\u597d\u542c", "user": "admin", "date": "2019-05-28", "song": 2}}, {"model": "index.comment", "pk": 5, "fields": {"text": "\u5f88\u597d\u542c\uff0c\u652f\u6301", "user": "\u533f\u540d\u7528\u6237", "date": "2019-06-13", "song": 7}}, {"model": "index.comment", "pk": 6, "fields": {"text": "\u652f\u6301\u652f\u6301", "user": "admin", "date": "2019-06-19", "song": 2}}, {"model": "index.comment", "pk": 7, "fields": {"text": "\u5927\u8d5e", "user": "\u533f\u540d\u7528\u6237", "date": "2019-06-19", "song": 2}}]